"Term"	"Terim"
"abort"	"iptal"
"Abstract"	"Soyut"
"Accelerator"	"Hızlandırıcı"
"Accept"	"Kabul etmek"
"access"	"erişim"
"Account"	"Hesap"
"Active"	"Etkin"
"Actor"	"Oyuncu"
"Actuator"	"Konumlandırıcı"
"Add"	"Eklemek"
"Address"	"Adres"
"Adjust"	"Düzeltmek"
"Administration"	"Yönetim"
"Aggregate"	"Toplamak"
"Alarm"	"Uyarıcı"
"Align"	"Hizalamak"
"Allow"	"İzin vermek"
"Alpha"	"Alfa"
"alpha channel"	"alfa kanalı"
"Analog"	"Analog"
"Analysis"	"Analiz"
"Anchor"	"Çapa"
"AND"	"VE"
"Animation"	"Canlandırma"
"Anonymous"	"Anonim"
"Answer mode"	"Yanıt kipi"
"Antialiasing"	"Yumuşatma"
"Append"	"Sonuna eklemek"
"Applet"	"Uygulamacık"
"applet"	"uygulamacık"
"Application"	"Uygulama"
"Application Launcher"	"Uygulama Başlatıcısı"
"Applix"	"Applix"
"Arc"	"Kavis"
"archive"	"Arşiv"
"area grid"	"Alan ızgarası"
"Argument"	"Argüman"
"Array"	"Dizi"
"Arrow key"	"Ok tuşu"
"Article"	"Makale"
"Ascending order"	"Büyüyen sıralama"
"Ascii"	"Ascii"
"aspect ratio"	"görüş oranı"
"asssitive technology"	"yardımcı teknoloji"
"Asynchronous"	"Asenkron"
"Attachment"	"Ek"
"Attribute"	"Öznitelik"
"Audio"	"İşitsel"
"Authentication"	"Kimlik denetimi"
"Author"	"Yazar"
"Autofill"	"Otomatik doldurmak"
"Availability"	"Ulaşılabilirlik"
"Average"	"Ortalama"
"Axis"	"Eksen"
"Background"	"Arkaplan"
"Backup"	"Yedekleme"
"Balance"	"Denge"
"Base"	"Taban"
"behaviour"	"işleyiş"
"benchmark"	"karşılaştırma"
"Binary"	"İkili"
"Binding"	"Bağıntı"
"Binomial distribution"	"Binom dağılımı"
"Bit"	"Bit"
"Bitmap"	"Bit haritası"
"Blank"	"Boş"
"Blinking cursor"	"Yanıp sönen imleç"
"block buffer"	"blok tampon"
"Blocked"	"Engellenmiş"
"Blur image"	"Bulanık görüntü"
"body"	"Gövde"
"Bold"	"Kalın"
"book mark"	"Yer imi"
"Boolean"	"Mantıksal değer"
"Box"	"Kutu"
"Branch"	"Dal"
"Bricks"	"Tuğlalar"
"Browse"	"Gözat"
"Browser"	"Tarayıcı"
"Buffer"	"Tampon"
"bug"	"hata"
"Build"	"İnşa etmek"
"Bullet"	"Ayraç"
"Bulletin Board"	"İlan tahtası"
"Bus"	"Veri yolu"
"Busy"	"Meşgul"
"Button"	"Düğme"
"Byte"	"Bayt"
"C"	"C"
"Cache"	"Önbellek"
"Calculator"	"Hesap makinesi"
"Calendar"	"Takvim"
"Call"	"Bağlantı kurmak"
"Cancel"	"İptal etmek"
"canvas"	"tuval"
"Caption"	"Başlık"
"Case Sensitive"	"Büyük/Küçük Harfe Duyarlı"
"Categories"	"Sınıflar"
"CD"	"CD"
"CDE panel"	"CDE paneli"
"Cell"	"Hücre"
"Cellular"	"Hücresel"
"Center"	"Ortala"
"Channel"	"Kanal"
"char cell"	"harf kutusu"
"Character set"	"Karakter kümesi"
"Chat"	"Sohbet"
"Check bit"	"Kontrol bit kümesi"
"check button"	"onay düğmesi"
"Checkbox"	"Onay kutusu"
"child"	"oğul"
"child process"	"oğul işlem"
"Class"	"Sınıf"
"Classification"	"Sınıflandırma"
"Clear"	"Temizlemek"
"Clipboard"	"Pano"
"Close"	"Kapatmak"
"code"	"kod"
"code segment"	"kod parçası"
"Coefficient"	"Katsayı"
"Collaboration"	"İşbirliği"
"Collate"	"Harmanlama"
"Collision"	"Çarpışma"
"colorspace"	"renk uzayı"
"Command"	"Komut"
"Command Line"	"Komut Satırı"
"Command line options"	"Komut satırı seçenekleri"
"Common properties"	"Ortak özellikleri"
"Compare"	"Karşılaştırmak"
"Concatenate"	"Birleştirmek"
"Condition"	"Koşul"
"Conduit"	"Koruyucu boru"
"Confidential"	"Gizli"
"Configuration"	"Yapılandırma"
"Confirm"	"Doğrulama"
"Confirmation"	"Doğrulamak"
"Connection"	"Bağlantı"
"Constraint"	"Kısıt"
"container"	"taşıyıcı"
"Content"	"İçerik"
"Continue"	"Devam"
"Control"	"Kontrol"
"Conversion"	"Çevrim"
"cookie"	"çerez"
"Copy"	"Kopyalamak"
"Copyright"	"Telif Hakkı"
"CORBA"	"CORBA"
"Core file"	"Core dosyası"
"Correlation"	"İlişki"
"cos"	"cos"
"Cost"	"Maliyet"
"Count"	"Saymak"
"Covariance"	"Kovaryans"
"CPU"	"MİB"
"crash"	"çökmek"
"Create"	"Oluşturmak"
"Criteria range"	"Genel yargı kapsamı"
"Critical error"	"Tehlikeli hata"
"Crop"	"Kırpmak"
"Cross-reference"	"Çapraz başvuru"
"Ctrl"	"Control tuşu"
"Cumulative"	"Birikmiş"
"Current"	"Akım"
"cursor"	"imleç"
"Curve"	"Eğri"
"custom window"	"Özel pencere"
"Customize"	"Özelleştirmek"
"Cut"	"Kesmek"
"Daemon"	"Servis"
"Data"	"Veri"
"database"	"veri tabanı"
"Debug"	"Hata ayıklamak"
"decimal"	"ondalık"
"decoder"	"çözümleyici"
"Decrease"	"Azalmak"
"Default"	"Öntanımlı"
"Delete"	"Silmek"
"Dependence"	"Bağımlılık"
"Derived"	"Türetilmiş"
"Descending sort"	"Azalan sıralama"
"Descriptor"	"Tanımlayıcı"
"Desktop"	"Masaüstü"
"Desktop Environment"	"Masaüstü Ortamı"
"Destination"	"Hedef"
"Destroy"	"Yıkmak"
"Detection"	"Tanıma"
"Device"	"Aygıt"
"Diagonal"	"Köşegen"
"Diagram"	"Şema"
"Dial"	"Aramak"
"Dialog Box"	"İletişim Kutusu"
"Dialout Device"	"Dış arama Aygıtı"
"Digits"	"Basamaklar"
"Dimension"	"Boyut"
"Direction"	"Yön"
"Directory"	"Dizin"
"Disable"	"Kapatmak"
"Discard"	"Vazgeç"
"Disconnect"	"Bağlantıyı kesmek"
"Discrete"	"Ayrık"
"disk"	"disk"
"Dismiss"	"Kapatmak"
"Display"	"Ekran, görüntü"
"Dissipation"	"Güç kaybı"
"Distribute"	"Dağıtmak"
"Distribution list"	"İleti dağıtım listesi"
"Dithering"	"Geçiş"
"Division by zero"	"Sıfıra bölüm"
"DMA"	"DMA"
"DNS"	"DNS"
"Document"	"Belge"
"Domain"	"Alan"
"Dot"	"Nokta"
"Download"	"İndirme"
"Drawing Area"	"Çizme Alanı"
"Drop"	"Bırakmak"
"drop down"	"açılır"
"Druid"	"Sihirbaz"
"dumb Terminal"	"Aptal terminal"
"Duplicate..."	"Çoğalt..."
"Dynamic"	"Devingen"
"E-mail"	"E-posta"
"Echo"	"Yankı"
"Edge"	"Köşe"
"Edit"	"Düzenlemek"
"Effects"	"Efektler"
"Eject"	"Çıkart"
"Electronic Mail"	"Elektronik Posta"
"emulation"	"emülasyon, öykünüm"
"Enable"	"Etkinleştirmek"
"Encapsulated Postscript"	"Encapsulated Postscript"
"Encoding"	"Kodlama"
"Engineering"	"Mühendislik"
"Entity"	"Varlık"
"environment variable"	"Çevresel değişken"
"Equation"	"Eşitlik"
"Error"	"Hata"
"Ethernet"	"Ethernet"
"Event"	"Olay"
"Exception"	"İstisna"
"Exclusive OR"	"XOR"
"executable file"	"çalıştırılabilir dosya"
"Execute"	"Çalıştırmak"
"Exit"	"Çık"
"Expanded memory"	"Genişletilmiş bellek"
"expected location"	"beklenen konum"
"Explicit state"	""
"Exponential notation"	"Üstel yazılım"
"Export"	"Aktarmak"
"expression"	"deyim"
"Extension"	"Uzantı"
"Extract"	"Ayrıştır"
"eyedropper"	"damlalık"
"Favorite"	"Sık kullanılan"
"Fax"	"Faks"
"Field"	"Alan"
"File"	"Dosya"
"Filename"	"Dosya adı"
"Filesystem"	"Dosya sistemi"
"Fill"	"Doldur"
"Filter"	"Süzgeç"
"Find"	"Bul"
"Firmware"	"Yerleşil bellek"
"Fixed Font"	"Eşaralıklı Yazıtipi"
"Float"	"Gerçel sayı"
"Floppy"	"Disket"
"Flow analysis"	"Akış analizi"
"Flowchart"	"Akış şeması"
"folder"	"klasör"
"Folder"	"Dizin"
"font"	"yazıtipi"
"Font"	"Yazıtipi"
"Footer"	"Dipnot"
"Forecast"	"Tahmin (hava sıcaklığı tahmini)"
"Foreground"	"Önplan"
"fork"	"çatallanmak"
"Form"	"Form"
"Format"	"Biçim"
"Formula"	"Formül"
"Fourier Analysis"	"Fourier analizi"
"Fraction"	"Bölüm"
"Frame"	"Çerçeve"
"free for chat"	"sohbet edebilir"
"Free Software"	"Özgür Yazılım"
"Frequency"	"Frekans,Sıklık"
"FTP"	"FTP"
"full pathname"	"tam yol adı"
"Function"	"Fonksiyon"
"Gamma"	"Gama"
"genre"	"tür"
"Geometry"	"Geometri"
"get"	"al"
"Global"	"Genel"
"GNOME"	"GNOME"
"GNU"	"GNU"
"GPL"	"GPL"
"Grab"	"Yakalamak"
"Gradient"	"Geçiş,Gradyan"
"Graph"	"Grafik"
"Graphical user interface"	"Grafiksel kullanıcı arayüzü"
"Grid"	"Izgara"
"Group"	"Grup"
"Gtk"	"Gtk"
"GUI"	"GUI"
"Gutter"	""
"Hacker"	"Korsan"
"Handle"	"Tutacak"
"Handshake"	"El sıkışması"
"Hard Disk"	"Sabit Disk"
"Header"	"Başlık"
"Headword"	""
"Hello World"	"Merhaba dünya"
"Help"	"Yardım"
"Hex"	"Onaltılı"
"Hidden file"	"Gizli dosya"
"Hide"	"Gizle"
"hierachy"	"hiyerarşi"
"Highlight..."	"Vurgu..."
"Histogram"	"Histogram"
"History"	"Geçmiş"
"Home"	"Ev, başlangıç"
"Home directory"	"Ev dizini, başlangıç dizini"
"Home Page"	"Ev Sayfası"
"Homogeneous environment"	"Homojen ortam"
"Host"	"Makine"
"Host name"	"Makine adı"
"Hot Key"	"Kısayol tuşu"
"Housekeeping"	""
"HTML"	"HTML"
"HTTP"	"HTTP"
"Hue"	"Doygu"
"I/O subsystem"	"G/Ç alt sistemi"
"Icon"	"Simge"
"ID"	"No"
"IDE"	"IDE"
"Identifier"	"Belirteç"
"Idle"	"Boş"
"Illegal"	"Geçersiz"
"Image"	"Görüntü"
"Implementation"	"Uygulama"
"Import"	"İçeri aktarmak"
"Inactive window"	"Etkisiz pencere"
"Increase"	"Yükselt"
"Incremental update"	"Artımsal güncelleme"
"Indent"	"Girinti"
"Index"	"Dizin"
"Indicator"	"Belirteç"
"Information"	"Bilgi"
"Inode"	"Inod"
"Input"	"Giriş"
"Input/output"	"Giriş/çıkış"
"Insertion point"	"İlave noktası"
"Install"	"Kurmak"
"Interaction"	"Etkileşim"
"Intercept"	"Bölme,Bölü"
"Interchange File Format"	"Degiştirilebilir Dosya Biçimi"
"Interface"	"Arayüz"
"Internal bug"	"İç hata"
"Internal error"	"Internal error"
"International"	"Uluslararası"
"Internet"	"İnternet"
"Interrupt"	"Kesinti"
"Intersect"	"Kesişmek"
"Interval"	"Aralık"
"Intuitive"	""
"Invalid"	"Geçersiz"
"Invert"	"Çevirmek"
"Invert Selection"	"Seçimi çevir"
"Invisible"	"Gizli"
"IP Address"	"IP Adresi"
"IRC"	"IRC"
"initialization"	"İlklendirme"
"insensitive version"	"duyarsız sürüm"
"instruction pointer"	"işlem belirteçi"
"interpolation"	"aradeğer"
"Jaz Drive"	"Jaz Sürücü"
"Job"	"Görev"
"JPEG"	"JPEG"
"Justify"	"Hizalamak"
"KDE"	"KDE"
"Kernel"	"Çekirdek"
"Key"	"Anahtar"
"keybinding"	"tuş bağı"
"keybinding"	"tuş bağı"
"Keyboard"	"Klavye"
"Keymap control"	"Tuş kontrolü"
"Keyword"	"Anahtar kelime"
"Kill"	"Öldürmek"
"Kill app"	"Uygulamayı öldürmek"
"Kilobyte"	"Kilobayt"
"Label"	"Etiket"
"Lambda"	"Lamda"
"Landscape"	"Yatay"
"Language"	"Dil"
"LaTeX"	"LaTeX"
"launch icon"	"Başlatma simgesi"
"Launcher"	"Başlatıcı"
"Layer"	"Katman"
"layer"	"katman"
"layout"	"düzen"
"Layout"	"Düzen"
"Legal"	"Resmi (kagıt biçemi)"
"Length"	"Uzunluk"
"Letter"	"Zarf"
"Library"	"Kütüphane"
"License agreement"	"Lisans anlaşması"
"Light precipitation"	""
"Limits"	"Sınırlar"
"Line"	"Hat"
"line arguments"	"satır argümanları"
"linear transfer"	"Doğrusal aktarım"
"Link"	"Bağ, bağlantı"
"Linux"	"Linux"
"load"	"Yüklemek"
"Local"	"Yerel"
"Location"	"Konum"
"Lock"	"Kilitlemek"
"Log"	"Kayıt"
"Logical"	"Mantıksal"
"Login"	"Giriş"
"Logout"	"Çıkış"
"Look"	"Bakmak"
"Lookup"	"Bak"
"Loop"	"Döngü"
"Macro"	"Makro"
"Mail"	"Posta"
"Mail Client"	"Posta Programı"
"Mail server"	"Posta sunucusu"
"Mail to"	"Postala"
"Mailbox"	"Posta kutusu"
"Main body"	"Ana gövde"
"Man Pages"	"Kılavuz Sayfaları Yönetici"
"Manager"	"Yönetici"
"Manual"	"Kılavuz"
"Manual page"	"Kılavuz sayfası"
"Margins"	"Kenar boşlukları"
"Mark"	"İşaretlemek"
"matching"	"Eşleşme"
"MDI"	"MDI"
"media type"	"ortam türü"
"Median"	"Medyan"
"Meeting"	"Toplantı"
"Memory"	"Bellek"
"Menu"	"Menü"
"Merge"	"Birleştir"
"Message"	"İleti"
"message"	"ileti"
"Metadata"	""
"Metafile"	"Meta dosyası"
"Mime Type"	"Mime Türü"
"mini icons"	"Küçük simgeler"
"Minimize"	"Küçültmek"
"minix"	"Minix"
"minor faults"	"Küçük hatalar"
"mirror"	"Yansı"
"mixer device"	"Karıştırıcı aygıtı"
"mnemonic"	"hatırlatıcı"
"modal"	"yönetsel"
"Modal (value)"	"En sık görülen,tipik"
"Mode"	"Kip"
"Model"	"Model"
"Modem"	"Modem"
"Modifier"	"Düzenleyici"
"Modify"	"Değiştirmek"
"Module"	"Modül"
"moniker"	"isimlendirici"
"Monitor"	"Ekran"
"monochrome"	"Siyah/beyaz"
"monospace:"	"eş aralıklı"
"Mount"	"Bağlamak"
"Mouse Cursor"	"Fare imleci"
"Move"	"Taşımak"
"MS"	"MS"
"MSDOS"	"MSDOS"
"MTU"	"MTU"
"Nautilus"	"Nautilus"
"Negative Binomial"	"Negatif Binom"
"Netmask"	"Ağ maskesi"
"Netscape"	"Netscape"
"Network"	"Ağ"
"News Site"	"Haber grubu sitesi"
"NO-DAEMON"	"SERVİS-YOK"
"node"	"Düğüm"
"Normal distribution"	"Normal dağılım"
"Notebook"	"Dizüstü"
"Notice"	"Not"
"Notification"	"Uyarı"
"Number"	"Sayı"
"Number Converter"	"Sayı çevirici"
"Number Theory"	"Sayı teorisi"
"Numbered List"	"Sayı listesi"
"Numeric"	"Sayısal"
"Object code"	"Obje kodu"
"oblique"	"eğik"
"Observations"	"Gözlemler"
"Obsolete"	"Geçersiz"
"Offline"	"Çevrimdışı"
"Online"	"Çevrimiçi"
"Opacity"	"Saydamsızlık"
"opaque"	"matlık"
"Open"	"Aç"
"Open Source"	"Açık kaynak"
"Operating System"	"İşletim sistemi"
"Operation"	"İşlem"
"optional"	"Seçimlik"
"Options"	"Seçenekler"
"OR"	"VEYA"
"Order"	"Sıralama"
"Orientation"	"Yön"
"Origin"	"Kaynak"
"Orthflow"	""
"Outline"	"Anahat"
"Output"	"Çıktı"
"Overwrite"	"Üzerine yazmak"
"Owner"	"Sahip"
"Pack"	"Sıkıştır"
"Package"	"Paket"
"Packet"	"Paket"
"Padding"	"Yenme"
"Page"	"Sayfa"
"Pager"	"Sayfalayıcı"
"Palette"	"Palet"
"Panel"	"Panel"
"Panelize"	"Panele gömmek"
"Parameter"	"Parametre"
"Parcel"	"Parsel"
"parse"	"ayrıştırmak"
"Parse"	"Ayrıştırmak"
"Partition"	"Bölüm"
"Password"	"Parola"
"Paste"	"Yapıştır"
"Path"	"Yol"
"Pattern"	"Desen,Doku (grafik)"
"Peak indicator"	"Üst sınır belirteci"
"Pearson Correlation"	"Pearson Bağıntısı"
"pending signals"	"bekleyen sinyaller"
"Period"	"Periyod"
"Periodic"	"Periyodik"
"Perl"	"Perl"
"Perl Script"	"Perl betiği"
"Permission"	"İzin"
"physical memory"	"fiziksel bellek"
"PID"	"PID"
"picker button"	"seçme düğmesi"
"Picker Settings"	"Seçici Ayarları"
"Pilot device"	"Pilot aygıtı"
"Pipe"	"Boru"
"pipeline"	"boruhattı"
"Pixel"	"Benek"
"Pixmap"	"Benekeşlem"
"Place"	"Yerleştirmek"
"placed calls"	"gerçekleştirilmiş aramalar"
"Play"	"Çalmak"
"playlist"	"çalma listesi"
"Plug-in"	"Eklenti"
"Point"	"Nokta"
"Poisson distribution"	"Poisson dagılımı"
"Policy"	"Kural"
"policy"	"kurallar"
"Polish"	"Lehçe"
"Polygon"	"Poligon"
"Polyline"	"Diyagram"
"Pooled Variance"	""
"popup menu"	"açılır menü"
"port"	"kapı"
"Portrait"	"Düşey"
"Post Office"	"Posta ofisi"
"Post Processor"	""
"Postal Box"	"Posta kutusu"
"postscript"	"Postscript"
"power management"	"güç yönetimi"
"PPP"	"PPP"
"Preferences"	"Tercihler"
"Prefix"	"Önek"
"Preview"	"Önizleme"
"Primary Colors"	"Birincil renkler"
"Print"	"Yazdırmak"
"Print area"	"Yazdırma bölgesi"
"Printer"	"Yazıcı"
"Priority"	"Öncelik"
"Privacy"	"Gizlilik"
"Private key"	"Kişisel anahtar"
"Private Messages"	"Kişisel iletiler"
"Problem"	"Sorun"
"Process"	"Süreç"
"Process ID"	"Süreç No"
"Processor"	"İşlemci"
"Prodigy"	"Prodigy"
"Program"	"Program"
"Progress"	"İlerleme"
"Progress Bar"	"İlerleme çubuğu"
"project"	"proje"
"Propagation"	"Yayın"
"Properties"	"Özellikler"
"Proportional font"	"Orantısal yazıtipi"
"Protected"	"Korumalı"
"protected workbooks"	"korunmuş defter"
"Protection"	"Koruma"
"Protocol"	"Protokol"
"Provision"	"Provizyon"
"Proxy"	"Vekil"
"proxy server"	"Vekil sunucu"
"Public"	"Kamu, genel"
"Public Key"	"Genel anahtar"
"Query"	"Sorgulamak"
"Queue"	"Kuyruk"
"Quit"	"Çık"
"Quoting"	"Tırnak kullanımı"
"Radar map"	""
"Radio"	"Radyo"
"Radio Button"	"Radyo düğmesi"
"Random"	"Rastgele"
"Range"	"Aralık"
"Rank"	"Sıralama"
"Rating"	""
"Ratio"	"Oran"
"Raw data"	"Ham veri"
"Raw memory"	"Ham bellek"
"Readout"	""
"ready..."	"hazır..."
"Real Memory"	"Gerçek bellek"
"real path"	"Gerçek yol"
"Real time"	"Gerçek zaman"
"Reboot"	"Yeniden başlatmak"
"Receive"	"Almak"
"Receptivity"	"Duyarlılık"
"Record"	"Kaydetmek"
"Rectangle"	"Dikdörtgen"
"Recurrence"	"Tekrar"
"Recursion"	"Özyineleme"
"Redisplay"	"Yeniden göster"
"Redo"	"Yeniden yap"
"Refresh"	"Tazele"
"Region"	"Bölge"
"Regression analysis"	"Gerileme analizi"
"regular"	"Düzgün"
"Regular expression"	"Düzgün deyim"
"Regulate"	"Düzenle"
"Relationship"	"İlişki"
"Release"	"Sürüm"
"Remote"	"Uzak"
"Remove"	"Sil"
"Rename"	"Yeniden adlandır"
"Repeat"	"Tekrarla"
"Replace"	"Yerleştir"
"Reports"	"Raporlar"
"reserved blocks"	"Ayrılmış bloklar"
"Reset"	"Sıfırla"
"Resident"	"Kalıcı"
"Resident memory"	"Kalıcı bellek"
"Residual"	"Fark"
"Resize"	"Yeniden boyutlandır"
"Resolution"	"Çözünürlük"
"Resource element"	"Kaynak elemanı"
"Restart"	"Yeniden başla"
"Resume"	"Devam et"
"Retrieve"	"Getir"
"Retry"	"Yeniden dene"
"Return"	"Return"
"Reverse video"	"Ters video"
"Revert"	"Geriye al"
"Root"	"Ana Dizin"
"Root Directory"	"Ana Dizin"
"Root Window"	"Ana Pencere"
"Rotate"	"Çevirmek"
"router"	"yöneltici"
"Row"	"Sıra"
"RPM package"	"RPM paketi"
"Run"	"Çalıştır"
"Sample"	"Örnek"
"Sampling"	"Örneklendirmek"
"Saturation"	"Dolgunluk"
"Save"	"Kaydet"
"SC/XSpread"	"SC/XSpread"
"Scalable"	"Ölçeklendirilebilir"
"Scalar"	"Skalar"
"Scale"	"Odakla"
"Scaling Factor"	"Ölçeklendirme Oranı"
"Scan"	"Taramak"
"schedule manager"	"Takvim yöneticisi"
"scheduler"	"zamanlayıcı"
"schema"	"şema"
"Scientific notation"	"Bilimsel gösterim"
"Screen"	"Ekran"
"Screen Saver"	"Ekran koruyucu"
"Script"	"Betik"
"Scroll"	"Kaydırmak"
"scroll bar"	"kaydırma çubuğu"
"Scrollbars"	"Kaydırma çubukları"
"SCSI"	"SCSI"
"Search"	"Aramak"
"Search Domains"	"Arama alanları"
"search string"	"Arama dizisi"
"Secondary Colors"	"İkincil renkler"
"Secure channel"	"Güvenli kanal"
"Secure keyboard"	"Güvenli klavye"
"Security"	"Güvenlik"
"Segment"	"Bölüm"
"Segmentation Fault"	"Bölütleme Aksaması"
"Select"	"Seçmek"
"selection"	"seçim"
"Selection"	"Seçim"
"Send"	"Göndermek"
"Sense"	"Anlam"
"Sensitive"	"Duyarlı"
"Separator"	"Ayraç"
"Server"	"Sunucu"
"Session"	"Oturum"
"Set"	"Tanımlamak"
"Settings"	"Ayarlar"
"Setup"	"Kurmak"
"Severity"	"Önem derecesi"
"shaped text"	"şekilli metin"
"Share"	"Paylaşmak"
"Shared Memory"	"Paylaşılmış bellek"
"Shell"	"Kabuk"
"Shift key"	"Üst karakter tuşu"
"Show"	"Göster"
"Shut Down"	"Kapatmak"
"Signal"	"Sinyal"
"signature"	"İmza"
"signature block"	"İmza bloğu"
"Size box"	"Boyut kutusu"
"Skewness"	""
"Skip"	"Atla"
"Slant"	"Eğik"
"Slashed Cross"	""
"slave"	"köle"
"Sleeping"	"Uyuyor"
"SLIP"	"SLIP"
"slider"	"sürgü"
"slider"	"sürgü"
"slow terminals"	"Yavaş terminaller"
"Smart"	"Akıllı"
"Smart terminal"	"Akıllı terminal"
"smooth"	"Yumuşatmak"
"SMTP"	"SMTP"
"Snap"	""
"Snooze"	""
"Socket"	"Soket"
"SOCKS Server"	"SOCKS sunucusu"
"soft keys"	"Yumuşak tuşlar"
"software bug"	"Program böceği"
"Software Foundation"	"Yazılım Kuruluşu"
"Solid lines"	"Katı çizgiler"
"Solid model"	"Katı model"
"Sort"	"Sıralamak"
"sound card"	"Ses kartı"
"Source"	"Kaynak"
"Source code"	"Kaynak kodu"
"Space character"	"Boşluk karakteri"
"spacer"	"boşlukçu"
"Spam"	"Spam"
"Special character"	"Özel karakter"
"specification"	"Belirtim"
"Spell"	"İmla"
"Spell Checker"	"Yazım denetleyici"
"splash"	"Açılış görüntüsü"
"spool"	""
"Stabilize"	"Sabitleştirmek"
"Stack"	"Yığın"
"Standard"	"Standart"
"Standard deviation"	"Standart sapma"
"Standby"	"Beklemede kal"
"Start"	"Başlamak"
"Startup"	"Başlat"
"startup files"	"Başlangıç dosyaları"
"Startup Program"	"Başlangıç programı"
"State"	"Konum"
"Statistics"	"İstatistikler"
"Status"	"Durum"
"step increment"	"adım artışı"
"Stereotype"	"Stereotip"
"sticky notes"	"Yapışkan notlar"
"Stock Ticker"	""
"Storage"	"Depolama"
"stream"	"akım"
"Strikethrough"	"Üstünüçiz"
"String"	"Dizi"
"stripchart program"	""
"structure diagram"	"yapı şeması"
"Style"	"Biçem"
"style"	"biçem"
"Subdirectory"	"Alt dizin"
"Subject"	"Konu"
"Submenu"	"Alt menü"
"Submit"	"Gönder"
"Subnet"	"Alt ağ"
"Subscript"	"Altbetim"
"subshell support"	"Alt kabuk desteği"
"substring"	"altdizi"
"Suffix"	"Sonek"
"Superscript"	"Üstkarakter"
"Support"	"Destek"
"Suspend"	"Asılı bırakmak"
"Swap"	"Takas"
"Switch level"	""
"SYLK file"	"SYLK dosyası"
"Symbol"	"Sembol"
"Symbolic Link"	"Sembolik bağ"
"Symmetric control"	"Simetrik kontrol"
"Synchronize"	"Eşzamanlı yapmak"
"Syntax error"	"Sözdizimi hatası"
"System"	"Sistem"
"System Administrator"	"Sistem yöneticisi"
"System Configuration"	"Sistem yapılandırması"
"system settings"	"Sistem ayarları"
"Tab"	"Sekme"
"Table"	"Tablo"
"tag"	"im"
"Talk"	"Talk"
"tall"	"uzun"
"tar archive"	"tar arşivi"
"target file"	"hedef dosya"
"task"	"görev"
"TCLASS"	"TCLASS"
"TCP/IP"	"TCP/IP"
"tear off"	"ayıraç"
"Telnet"	"Telnet"
"temp file"	"Geçici dosya"
"Template"	"Şablon"
"temporary buffer"	"Geçici tampon"
"TERM variable"	"TERM değişkeni"
"terminal"	"uçbirim"
"Terminal"	"Terminal"
"Terminate"	"Bitirmek, sonlandırmak"
"Test"	"Deneme, test"
"Test Module"	"Deneme modülü"
"Text"	"Metin"
"text area"	"Metin bölgesi"
"text chat"	"yazılı sohbet"
"Text only"	"Sadece metin"
"textual name"	""
"Theme"	"Tema"
"Threshold"	"Eşik"
"Thumb Nails"	"Küçük resimler"
"Tick"	"Tik"
"Ticker Properties"	""
"Tile"	"Döşe"
"Time format"	"Zaman biçimi"
"time stamp"	"Zaman zarfı"
"Timeout"	"Zaman aşımı"
"Timer"	"Zamanlayıcı"
"Timezone"	"Zaman dilimi"
"Timing"	"Zamanlama"
"Title"	"Başlık"
"TODO List"	"Yapılacaklar listesi"
"toggle"	"şeçim"
"toggle button"	"seçim düğmesi"
"Tolerance"	"Tolerans"
"Tool"	"Araç"
"tool menu"	"Araç menüsü"
"Toolbar"	"Araç çubuğu"
"topic"	"Başlık"
"track"	"parça"
"Transfer"	"Aktarmak"
"Transfer statement"	""
"Transitive"	"Geçişli"
"Translate"	"Çevirmek"
"transmission channel"	"İletişim kanalı"
"Transparent"	"Şeffaf"
"Transpose"	"Transpoz"
"Trash"	"Çöp"
"Tree"	"Ağaç"
"Trim"	"Kırpma"
"Tty"	"Tty"
"Turing Machine"	"Turing makinesi"
"tutorial"	"öğretici"
"Type"	"Tür"
"type bindings"	"Tür bağıntıları"
"Type mismatch"	"Tür uyumsuzluğu"
"Undelete"	""
"Underline"	"Altını çizmek"
"Undo"	"Geri al"
"Unexpected end"	"Beklenmeyen bitiş"
"unexpected error"	"beklenmeyen hata"
"UNIX"	"UNIX"
"Unicode"	"Unikod"
"Uninstall"	"Sil"
"Unknown host"	"Bilinmeyen makine"
"Unload"	"Boşaltma"
"Untitled"	"Başlıksız"
"Update"	"Güncellemek"
"Upgrade"	"Yükseltme"
"Uptime"	"Açık durma zamanı"
"Urgent condition"	"Acil durum"
"URL"	"URL"
"USB"	"USB"
"User"	"Kullanıcı"
"User defined"	"Kullanıcı tanımlı"
"user directory"	"kullanıcı dizini"
"User Interface"	"Kullanıcı arayüzü"
"Username"	"Kullanıcı adı"
"Valid chars"	"Geçerli karakterler"
"Value"	"Değer"
"Variable"	"Değişken"
"Variance"	"Varyans"
"Vector Graphics"	"Vektör grafik"
"Vendor"	"Üretici"
"VERBOSE"	"DETAYLI"
"Verify"	"Doğrulamak"
"Version"	"Sürüm"
"Vertical"	"Dikey"
"Vertical Alignment"	"Dikey hizal"
"VFS"	"VFS"
"Video"	"Video"
"View"	"Görüntülemek"
"Viewport"	"Görüntü ekranı"
"Virtual"	"Sanal"
"Virtual Desktop"	"Sanal Masaüstü"
"Visualization"	"Görselleştirme"
"Volume"	"Ses"
"Wallpaper"	"Duvar kağıdı"
"Warning"	"Uyarı"
"Watch file"	"Dosyayı izle"
"Web Page"	"Web sayfası"
"Weight"	"Ağırlık"
"Widget"	"Parçacık"
"Width"	"Genişlik"
"Window"	"Pencere"
"Window Manager"	"Pencere yöneticisi"
"Word"	"Kelime"
"Work"	"Çalışmak"
"Workbook"	"Çalışma kitabı"
"working directory"	"çalışma dizini"
"Workspaces"	"Çalışma alanları"
"Wrap"	"Sarmallama"
"wrap"	"sarmala"
"Write"	"Yazmak"
"WVLAN"	"WVLAN"
"X Align"	"X Hizalama"
"XDMCP socket"	"XDMCP soketi"
"XML"	"XML"
"zero"	"sıfır"
"Zigzagline"	"Kırık çizgi"
"Zip Drive"	"Zip sürücü"
"Zoom"	"Büyütme, yaklaştırma"
